ringno_season,yday,yday200,pfmg,sex
CV15019_2018-2019,54,219,0.8615,female
CV69989_2018-2019,61,226,0.5946250000000001,female
CV46743_2008-2009,331,131,1,female
CV15003_2018-2019,54,219,0.7353750000000001,female
CV15023_2018-2019,54,219,0.914375,female
CV43286_2007-2008,93,258,0.9796250000000001,female
CV15017_2018-2019,54,219,0.8615,female
CC09266_2019-2020,338,138,0.042625,female
CV15042_2018-2019,55,220,0.7041250000000001,female
CV56200_2009-2010,145,310,1,female
CV68226_2016-2017,147,312,1,female
CV15027_2018-2019,54,219,0.688125,female
CV47009_2008-2009,107,272,0.9845,female
CV69921_2018-2019,56,221,1,female
CV69926_2018-2019,56,221,1,female
CV69940_2018-2019,57,222,1,female
CV69936_2018-2019,57,222,1,female
CV56055_2009-2010,84,249,0.7673749999999999,female
CV47025_2008-2009,107,272,1,female
CC46104_2019-2020,339,139,0.40287500000000004,female
CV69699_2018-2019,54,219,1,female
CV56046_2009-2010,84,249,0.7829999999999999,female
CV15007_2018-2019,54,219,1,female
CV69950_2018-2019,59,224,1,female
CC09298_2019-2020,339,139,0.085875,female
CV69869_2018-2019,61,226,1,female
CV56199_2009-2010,145,310,1,female
CV09630_2007-2008,144,309,1,female
CV56044_2009-2010,84,249,0.6102500000000001,female
CV15024_2018-2019,54,219,1,female
CV56064_2009-2010,84,249,0.951875,female
CV15026_2018-2019,54,219,0.864125,female
CV69945_2018-2019,57,222,1,female
CC46161_2019-2020,342,142,0,female
CV69949_2018-2019,57,222,1,female
CC09262_2019-2020,338,138,1,female
CC52704_2001-2002,315,115,1,female
CV69958_2018-2019,59,224,0.9845,female
CV15018_2018-2019,54,219,0.5946250000000001,female
CV58349_2011-2012,365,165,0.233625,female
CV70000_2018-2019,61,226,1,female
CV09631_2007-2008,144,309,1,female
CV43290_2007-2008,93,258,1,female
CV56077_2009-2010,84,249,1,female
CV69929_2018-2019,56,221,0.832125,female
CV69953_2018-2019,59,224,0.61075,female
CV43304_2007-2008,93,258,1,female
CV15005_2018-2019,54,219,0.5795,female
CC46112_2019-2020,339,139,0.431375,female
CC46101_2019-2020,339,139,1,female
CV58348_2011-2012,365,165,0.815,female
CV69957_2018-2019,59,224,0.8696250000000001,female
CV56041_2009-2010,84,249,1,female
CV47023_2008-2009,107,272,1,female
CV56410_2009-2010,200,0,0,female
CC09299_2019-2020,339,139,0.14125,female
CV69698_2018-2019,54,219,0.656875,female
CV15039_2018-2019,54,219,0.9715,male
CV56182_2009-2010,145,310,1,male
CV56279_2009-2010,173,338,1,male
CV68314_2017-2018,364,164,0.085875,male
CV69994_2018-2019,61,226,0.6102500000000001,male
CV68219_2016-2017,140,305,1,male
CV11264_2011-2012,57,222,1,male
CV43376_2007-2008,109,274,0.9845,male
CV69762_2018-2019,13,178,0.374375,male
CC15751_2018-2019,96,261,0.8728750000000001,male
CC46272_2019-2020,346,146,0.488125,male
CV43276_2007-2008,87,252,1,male
CV69861_2018-2019,61,226,1,male
CV69844_2018-2019,57,222,0.9535000000000001,male
CV69928_2018-2019,56,221,1,male
CV56201_2009-2010,145,310,1,male
CC46253_2019-2020,346,146,0.085875,male
CV58755_2014-2015,333,133,1,male
CV15015_2018-2019,54,219,0.8625,male
CV69743_2018-2019,359,159,0.41575,male
CV58001_2010-2011,85,250,1,male
CV68085_2016-2017,8,173,0,male
CV43064_2009-2010,23,188,0.098,male
CV43274_2007-2008,87,252,0.951875,male
CV56642_2019-2020,339,139,1,male
CV56203_2009-2010,145,310,1,male
CV43337_2007-2008,100,265,0.9421250000000001,male
CV15011_2018-2019,54,219,1,male
CV58779_2014-2015,38,203,0.9225,male
CV56165_2009-2010,145,310,1,male
CC91000_2009-2010,147,312,0,male
CV68384_2017-2018,132,297,1,male
CV56455_2010-2011,236,36,1,male
CC46109_2019-2020,339,139,0.40287500000000004,male
CC40206_2019-2020,345,145,0.0105,male
CV69964_2018-2019,59,224,0.832125,male
CC09293_2019-2020,339,139,0.24650000000000002,male
CV56405_2009-2010,197,362,0,male
CV69993_2018-2019,61,226,1,male
CV15045_2018-2019,55,220,1,male
CA49832_2021-2022,333,133,0.431375,male
CV56924_2010-2011,29,194,0.9715,male
CV58567_2012-2013,357,157,0.40287500000000004,male
CV68084_2016-2017,8,173,0.32225000000000004,male
CV69863_2018-2019,61,226,0.9845,male
CV56695_2020-2021,265,65,1,male
CC15744_2018-2019,75,240,0.904875,male
CV53995_2009-2010,57,222,0.688125,male
CV69862_2018-2019,61,226,0.6415000000000001,male
CV56163_2009-2010,145,310,1,male
CV69841_2018-2019,56,221,0.7353750000000001,male
CV67955_2015-2016,100,265,0.9535000000000001,male
CV09296_2009-2010,330,130,1,male
CV69718_2018-2019,340,140,0.14125,male
CV69719_2018-2019,340,140,0.32225000000000004,male
CV46940_2008-2009,73,238,0.47275,male
CV69955_2018-2019,59,224,0.7877500000000001,male
CV56087_2009-2010,85,250,0.951875,male
CV09265_2009-2010,233,33,0,male
CC40207_2019-2020,346,146,0.44425,male
CV56646_2019-2020,339,139,0.11737500000000001,male
CV69785_2018-2019,26,191,0.9225,male
CV46812_2008-2009,7,172,0.257875,male
CV56892_2010-2011,15,180,0.6415000000000001,male
CV56821_2010-2011,343,143,0.085875,male
CC46178_2019-2020,342,142,0.518875,male
CC09263_2019-2020,338,138,0.41575,male
CV68251_2017-2018,231,31,1,male
CV56211_2009-2010,147,312,1,male
CV56103_2009-2010,84,249,0.656875,male
CV78856_2021-2022,120,285,1,male
CV68320_2017-2018,364,164,0.0105,male
CV56281_2009-2010,173,338,1,male
CV15044_2018-2019,55,220,0.982875,male
CV56295_2009-2010,189,354,0,male
CV56670_2019-2020,342,142,0.15175,male
CV46742_2008-2009,331,131,1,male
CC46122_2019-2020,342,142,0.40287500000000004,male
CV56827_2010-2011,348,148,0.47275,male
CV56207_2009-2010,147,312,1,male
CV56406_2009-2010,197,362,0,male
CV68312_2017-2018,364,164,0.211125,male
CV69739_2018-2019,359,159,0.27225,male
CV43392_2007-2008,121,286,1,male
CV68189_2016-2017,140,305,1,male
CV53932_2009-2010,48,213,0.261125,male
CV56847_2010-2011,355,155,0.19824999999999998,male
CC46258_2019-2020,346,146,0.488125,male
CV69864_2018-2019,61,226,1,male
CV56198_2009-2010,145,310,1,male
CV43245_2007-2008,67,232,0.911125,male
CV69795_2018-2019,52,217,1,male
CV69803_2018-2019,54,219,0.9405,male
CV56184_2009-2010,145,310,1,male
CC09256_2019-2020,338,138,1,male
CV56900_2010-2011,29,194,0.9421250000000001,male
CV09617_2007-2008,138,303,1,male
CV65135_2016-2017,42,207,1,male
CV56209_2009-2010,147,312,1,male
CV69959_2018-2019,59,224,0.8696250000000001,male
CV15021_2018-2019,54,219,0.7041250000000001,male
CV56931_2010-2011,29,194,0.563875,male
CV09629_2007-2008,144,309,1,male
CV69779_2018-2019,16,181,0.2965,male
CV56039_2009-2010,84,249,1,male
CV56934_2010-2011,29,194,0.24650000000000002,male
CV69920_2018-2019,56,221,1,male
CC46265_2019-2020,346,146,0.18512499999999998,male
CV69924_2018-2019,56,221,0.863125,male
CV69775_2018-2019,13,178,0.563875,male
CV43315_2007-2008,93,258,0.9845,male
CV56212_2009-2010,151,316,1,male
CV69686_2018-2019,314,114,1,male
CV56956_2010-2011,51,216,0.518875,male
CV56068_2009-2010,84,249,0.911125,male
CV69757_2018-2019,13,178,0.431375,male
CV43052_2009-2010,23,188,0.832125,male
CV56076_2009-2010,84,249,0.8935000000000001,male
CV56094_2009-2010,103,268,0.9845,male
CV56167_2009-2010,145,310,1,male
CV11252_2011-2012,56,221,1,male
CV56168_2009-2010,145,310,1,male
CC46113_2019-2020,339,139,0.042625,male
CV56174_2009-2010,145,310,1,male
CV56214_2009-2010,151,316,1,male
CC40212_2019-2020,346,146,0.40287500000000004,male
CV56173_2009-2010,145,310,1,male
CV56653_2019-2020,339,139,0.44425,male
CV69754_2018-2019,13,178,0.518875,male
CV58592_2012-2013,54,219,0.904875,male
CV58680_2013-2014,172,337,1,male
CV56514_2010-2011,267,67,1,male
CC46236_2019-2020,346,146,0.40287500000000004,male
CV15022_2018-2019,54,219,0.9245,male
CV69997_2018-2019,61,226,1,male
CV69858_2018-2019,61,226,0.898375,male
CV69939_2018-2019,57,222,1,male
CV68131_2016-2017,42,207,0.7673749999999999,male
CV69943_2018-2019,57,222,1,male
CV46929_2008-2009,72,237,0.815,male
CV53948_2009-2010,49,214,0.9535000000000001,male
CV68061_2016-2017,317,117,0.2965,male
CV68059_2016-2017,310,110,0.139625,male
CV56066_2009-2010,84,249,1,male
CV68183_2016-2017,140,305,1,male
CV43277_2007-2008,87,252,0.982875,male
CV15014_2018-2019,54,219,1,male
CV43252_2007-2008,67,232,1,male
CV69865_2018-2019,61,226,0.8951250000000001,male
CV56040_2009-2010,84,249,1,male
CC46260_2019-2020,346,146,0.31074999999999997,male
CV15035_2018-2019,54,219,1,male
CV43386_2007-2008,119,284,1,male
CC15739_2018-2019,62,227,1,male
CV56287_2009-2010,176,341,0,male
CV56908_2010-2011,29,194,0.6102500000000001,male
CV58452_2012-2013,173,338,1,male
CV56885_2010-2011,1,166,0.6415000000000001,male
CV56936_2010-2011,29,194,0.7673749999999999,male
CV69913_2018-2019,56,221,1,male
CV69720_2018-2019,359,159,0.6415000000000001,male
CV68212_2016-2017,140,305,1,male
CV56286_2009-2010,175,340,0,male
CV56193_2009-2010,145,310,1,male
CV58777_2014-2015,24,189,0.44425,male
CA49837_2021-2022,335,135,0.377125,male
CV69947_2018-2019,57,222,1,male
CV58795_2014-2015,53,218,1,male
CV69995_2018-2019,61,226,1,male
CV56654_2019-2020,339,139,0.11737500000000001,male
CV43265_2007-2008,74,239,0.563875,male
CV69732_2018-2019,359,159,0.261125,male
CV46751_2008-2009,331,131,1,male
CV56178_2009-2010,145,310,1,male
CV58761_2014-2015,333,133,1,male
CC40208_2019-2020,346,146,0.518875,male
CV69766_2018-2019,13,178,0.15375,male
CV58651_2013-2014,342,142,0.17400000000000002,male
CV56673_2019-2020,342,142,0.27225,male
CV15004_2018-2019,54,219,0.8155,male
CV69935_2018-2019,57,222,1,male
CV78843_2021-2022,355,155,0.533125,male
CV69914_2018-2019,56,221,0.769,male
CV43056_2009-2010,23,188,1,male
CV43291_2007-2008,93,258,0.8625,male
CV69789_2018-2019,51,216,0.7673749999999999,male
CV69853_2018-2019,61,226,1,male
CV67942_2015-2016,72,237,1,male
CV15040_2018-2019,54,219,0.9245,male
CV58381_2011-2012,49,214,0.7673749999999999,male
CC40201_2019-2020,345,145,1,male
CV15009_2018-2019,54,219,1,male
CV43347_2007-2008,101,266,0.9535000000000001,male
CC90873_2008-2009,93,258,1,male
CV15006_2018-2019,54,219,0.976375,male
CV56180_2009-2010,145,310,1,male
CV58352_2011-2012,14,179,0.832125,male
CV56204_2009-2010,145,310,1,male
CC46106_2019-2020,339,139,0.44425,male
CV56937_2010-2011,29,194,0.6415000000000001,male
CV56925_2010-2011,44,209,0.9845,male
CV56170_2009-2010,145,310,1,male
CV58396_2011-2012,56,221,1,male
CV58355_2011-2012,14,179,1,male
CV69860_2018-2019,61,226,1,male
CV46964_2008-2009,93,258,1,male
CV46937_2008-2009,72,237,0.9375,male
CV56659_2019-2020,341,141,1,unknown
CV58363_2011-2012,21,186,0.41575,unknown
CV27782_2006-2007,22,187,0.518875,unknown
CV53839_2009-2010,364,164,0.0315,unknown
CV69808_2018-2019,54,219,1,unknown
CV46798_2008-2009,366,166,0.22225,unknown
CC52707_2001-2002,320,120,1,unknown
CC40203_2019-2020,345,145,1,unknown
CA49846_2021-2022,351,151,0.27225,unknown
CV56833_2010-2011,351,151,0.5946250000000001,unknown
CV68205_2016-2017,140,305,1,unknown
CV56932_2010-2011,29,194,0.518875,unknown
CV69778_2018-2019,16,181,0.40287500000000004,unknown
CC09281_2019-2020,339,139,1,unknown
CV09616_2007-2008,138,303,1,unknown
CV68310_2017-2018,357,157,0.334375,unknown
CC46175_2019-2020,342,142,0.39075000000000004,unknown
CC46207_2019-2020,345,145,0.44425,unknown
CV46749_2008-2009,331,131,1,unknown
CC15742_2018-2019,75,240,1,unknown
CV56669_2019-2020,342,142,0.0105,unknown
CC03584_2019-2020,344,144,0.19824999999999998,unknown
CV56871_2010-2011,358,158,0,unknown
CA49866_2021-2022,355,155,0.518875,unknown
CV09331_2009-2010,330,130,1,unknown
CV68380_2017-2018,122,287,1,unknown
CC46255_2019-2020,346,146,0,unknown
CV56169_2009-2010,145,310,1,unknown
CV42961_2007-2008,18,183,0,unknown
CV46790_2008-2009,366,166,0.063625,unknown
CC46269_2019-2020,346,146,0.43112500000000004,unknown
CC46221_2019-2020,345,145,0.14125,unknown
CV68080_2016-2017,8,173,0.085875,unknown
CV68126_2016-2017,42,207,0.9405,unknown
CV11230_2011-2012,316,116,1,unknown
CV42926_2007-2008,321,121,1,unknown
CV67954_2015-2016,94,259,0.9421250000000001,unknown
CV68315_2017-2018,364,164,0.098,unknown
CV56935_2010-2011,29,194,0.7673749999999999,unknown
CV53515_2009-2010,330,130,0.9128750000000001,unknown
CV68077_2016-2017,352,152,0.518875,unknown
CC46224_2019-2020,345,145,0,unknown
CV56678_2019-2020,345,145,0.334375,unknown
CV43354_2007-2008,101,266,0.8785000000000001,unknown
CV58509_2012-2013,222,22,1,unknown
CV58496_2013-2014,244,44,1,unknown
CV69806_2018-2019,54,219,0.8951250000000001,unknown
CC46262_2019-2020,346,146,0.40287500000000004,unknown
CV56676_2019-2020,344,144,0.12912500000000002,unknown
CV43358_2007-2008,101,266,0.9845,unknown
CC46211_2019-2020,345,145,0.374375,unknown
CV09305_2009-2010,330,130,1,unknown
CV46621_2008-2009,262,62,1,unknown
CV58354_2011-2012,14,179,1,unknown
CA49860_2021-2022,355,155,0.815,unknown
CV42939_2007-2008,342,142,0.374375,unknown
CV56838_2010-2011,355,155,0,unknown
CV68313_2017-2018,364,164,0.459625,unknown
CV69880_2018-2019,64,229,1,unknown
CC46219_2019-2020,345,145,0.19824999999999998,unknown
CV69800_2018-2019,54,219,0.6728750000000001,unknown
CV09257_2009-2010,210,10,1,unknown
CV56166_2009-2010,145,310,1,unknown
CV46836_2008-2009,23,188,0.042625,unknown
CV69811_2018-2019,55,220,0.8625,unknown
CC46223_2019-2020,345,145,0,unknown
CV11236_2011-2012,330,130,1,unknown
CV67944_2015-2016,72,237,0.7353750000000001,unknown
CC46267_2019-2020,346,146,0.40287500000000004,unknown
CV68070_2016-2017,338,138,0.41575,unknown
CV58656_2013-2014,342,142,0,unknown
CV68353_2017-2018,62,227,0.47275,unknown
CV42940_2007-2008,342,142,0.24650000000000002,unknown
CC48191_2001-2002,311,111,1,unknown
CC52702_2001-2002,311,111,0,unknown
CV68090_2016-2017,14,179,0.656875,unknown
CV43204_2007-2008,53,218,0.6415000000000001,unknown
CV56914_2010-2011,29,194,0.40287500000000004,unknown
CV58612_2013-2014,267,67,1,unknown
CV58351_2011-2012,14,179,0.261125,unknown
CV69801_2018-2019,54,219,1,unknown
CV58356_2011-2012,14,179,0.36012500000000003,unknown
CV56513_2010-2011,267,67,1,unknown
CV69733_2018-2019,359,159,0.815,unknown
CV56840_2010-2011,355,155,0,unknown
CV56192_2009-2010,145,310,1,unknown
CV69797_2018-2019,53,218,1,unknown
CV67958_2015-2016,107,272,1,unknown
CC52720_2001-2002,19,184,0,unknown
CV69876_2018-2019,64,229,0.488125,unknown
CC46141_2019-2020,341,141,0.32225000000000004,unknown
CV43377_2007-2008,109,274,1,unknown
CC46226_2019-2020,345,145,0.12912500000000002,unknown
CV67973_2015-2016,170,335,0,unknown
CV67952_2015-2016,94,259,1,unknown
CV56938_2010-2011,29,194,0.9845,unknown
CV68169_2016-2017,119,284,1,unknown
CV56657_2019-2020,341,141,0.085875,unknown
CC46114_2019-2020,339,139,0,unknown
CV56939_2010-2011,29,194,0.815,unknown
CV58778_2014-2015,38,203,0.40287500000000004,unknown
CV43393_2007-2008,121,286,1,unknown
CV46847_2008-2009,23,188,0,unknown
CV46809_2008-2009,7,172,0.042625,unknown
BE66603_2011-2012,112,277,0.8785000000000001,unknown
CV56529_2010-2011,271,71,1,unknown
CV68062_2016-2017,317,117,0.9128750000000001,unknown
CC09271_2019-2020,338,138,1,unknown
CV27629_2003-2004,324,124,1,unknown
CV67940_2015-2016,72,237,0.8935000000000001,unknown
CV56851_2010-2011,355,155,0.24650000000000002,unknown
CV67959_2015-2016,107,272,1,unknown
CV56034_2009-2010,84,249,0.36012500000000003,unknown
CC15927_2003-2004,277,77,1,unknown
CC03579_2019-2020,344,144,0.11737500000000001,unknown
CV68329_2017-2018,13,178,0.34862499999999996,unknown
CV43342_2007-2008,100,265,1,unknown
CC15756_2018-2019,109,274,1,unknown
CC03572_2019-2020,344,144,0.161875,unknown
CV43371_2007-2008,103,268,0.9535000000000001,unknown
CV68187_2016-2017,140,305,1,unknown
CV56474_2010-2011,242,42,1,unknown
CV43295_2007-2008,93,258,0.951875,unknown
CC46204_2019-2020,344,144,0.19824999999999998,unknown
CV53894_2009-2010,364,164,0.6102500000000001,unknown
CV68179_2016-2017,140,305,1,unknown
BC76179_2011-2012,21,186,0.235375,unknown
CV56814_2010-2011,343,143,1,unknown
CV58750_2014-2015,291,91,1,unknown
CV67913_2015-2016,37,202,0.563875,unknown
CV56072_2009-2010,84,249,0.563875,unknown
CV09619_2007-2008,138,303,1,unknown
CC46254_2019-2020,346,146,0.211125,unknown
CC46263_2019-2020,346,146,0.32225000000000004,unknown
CV42955_2007-2008,9,174,1,unknown
CC46259_2019-2020,346,146,0,unknown
CA49835_2021-2022,334,134,0.7673749999999999,unknown
CC46218_2019-2020,345,145,0,unknown
CV53851_2009-2010,364,164,0,unknown
CV58889_2015-2016,347,147,0.19824999999999998,unknown
CV58383_2011-2012,49,214,0.656875,unknown
CV58652_2013-2014,342,142,0.6727500000000001,unknown
CV58497_2013-2014,244,44,1,unknown
CV43299_2007-2008,93,258,1,unknown
CV67943_2015-2016,72,237,0.9065000000000001,unknown
CV56845_2010-2011,355,155,0.09512500000000002,unknown
CV53993_2009-2010,55,220,0.8745,unknown
CV56158_2009-2010,140,305,1,unknown
CV09570_2007-2008,32,197,1,unknown
CV56652_2019-2020,339,139,0.2965,unknown
CV58557_2012-2013,336,136,0.19824999999999998,unknown
CV68195_2016-2017,140,305,1,unknown
CV43389_2007-2008,121,286,0.982875,unknown
CV56947_2010-2011,29,194,0.6102500000000001,unknown
CV78823_2020-2021,107,272,1,unknown
CV43346_2007-2008,101,266,1,unknown
CV56573_2010-2011,312,112,1,unknown
CV56904_2010-2011,29,194,0.042625,unknown
CV58375_2011-2012,49,214,0.6102500000000001,unknown
CV58587_2012-2013,33,198,0.656875,unknown
CV58887_2015-2016,347,147,0.042625,unknown
CC46246_2019-2020,346,146,0.24650000000000002,unknown
CV58390_2011-2012,49,214,0.6415000000000001,unknown
CV46757_2008-2009,331,131,1,unknown
CV56856_2010-2011,355,155,0.334375,unknown
CV43247_2007-2008,67,232,0.8951250000000001,unknown
CA49877_2021-2022,355,155,1,unknown
CV53843_2009-2010,364,164,0.34862499999999996,unknown
CV08407_2006-2007,127,292,1,unknown
CV56191_2009-2010,145,310,1,unknown
CC09259_2019-2020,338,138,1,unknown
CC03599_2019-2020,344,144,0.261125,unknown
CC46205_2019-2020,345,145,0.12912500000000002,unknown
CC15743_2018-2019,89,254,1,unknown
CV68139_2016-2017,70,235,0.6415000000000001,unknown
CV67953_2015-2016,94,259,1,unknown
CV56185_2009-2010,145,310,1,unknown
CC46256_2019-2020,346,146,0.14125,unknown
CV69802_2018-2019,54,219,0.832125,unknown
CC46271_2019-2020,346,146,0.374375,unknown
CV58386_2011-2012,49,214,0.2965,unknown
CV69856_2018-2019,61,226,1,unknown
CV56296_2009-2010,193,358,0,unknown
CV69765_2018-2019,13,178,0.32225000000000004,unknown
CV09236_2009-2010,330,130,1,unknown
CV68114_2016-2017,42,207,0.533125,unknown
CV68324_2017-2018,364,164,0.19824999999999998,unknown
CV43324_2007-2008,98,263,1,unknown
CV15041_2018-2019,55,220,0.8935000000000001,unknown
CV09341_2009-2010,331,131,0,unknown
CV56113_2009-2010,84,249,1,unknown
CV58548_2012-2013,301,101,0.042625,unknown
CV56912_2010-2011,29,194,0.518875,unknown
CV69855_2018-2019,61,226,0.841875,unknown
CC46235_2019-2020,346,146,0.518875,unknown
CV68326_2017-2018,364,164,0.042625,unknown
CV68321_2017-2018,364,164,0.17600000000000002,unknown
CV56841_2010-2011,355,155,0.24650000000000002,unknown
CC46210_2019-2020,345,145,0.2965,unknown
CV69734_2018-2019,359,159,1,unknown
CC03591_2019-2020,344,144,0.2965,unknown
CV43338_2007-2008,100,265,1,unknown
CV69786_2018-2019,51,216,1,unknown
CV68118_2016-2017,42,207,0,unknown
CV58891_2015-2016,347,147,0,unknown
CV56858_2010-2011,358,158,0.8795000000000001,unknown
CA49852_2021-2022,355,155,0,unknown
CC46237_2019-2020,346,146,0.042625,unknown
CV56672_2019-2020,342,142,0.235375,unknown
CA49830_2021-2022,331,131,0.6415000000000001,unknown
CV46631_2008-2009,287,87,0,unknown
CC46217_2019-2020,345,145,0.32225000000000004,unknown
CC15968_2003-2004,276,76,1,unknown
CC46209_2019-2020,345,145,0.042625,unknown
CV69685_2018-2019,314,114,0.2965,unknown
CV56299_2009-2010,193,358,0,unknown
CV31184_2006-2007,343,143,0,unknown
CC46245_2019-2020,346,146,0.285375,unknown
CV56092_2009-2010,103,268,0.832125,unknown
CC46147_2019-2020,346,146,0.261125,unknown
BD26223_2021-2022,355,155,0.08987500000000001,unknown
CV42954_2007-2008,9,174,0,unknown
CV46900_2008-2009,44,209,0.549625,unknown
CV58580_2012-2013,365,165,1,unknown
CV56897_2010-2011,15,180,0.431375,unknown
CV46729_2008-2009,312,112,0.14125,unknown
CC46268_2019-2020,346,146,0,unknown
CV69726_2018-2019,342,142,1,unknown
CV43288_2007-2008,93,258,1,unknown
CV27632_2003-2004,324,124,1,unknown
CV56644_2019-2020,339,139,0.41575,unknown
CA49870_2021-2022,355,155,0.24650000000000002,unknown
CA49827_2021-2022,331,131,0.2965,unknown
CV53864_2009-2010,364,164,0,unknown
CV31190_2006-2007,348,148,0.27075,unknown
CV56159_2009-2010,145,310,1,unknown
CC40213_2020-2021,266,66,0,unknown
CV69746_2018-2019,359,159,0.19824999999999998,unknown
CC46107_2019-2020,339,139,0.36012500000000003,unknown
CV46806_2008-2009,366,166,0.334375,unknown
CC46222_2019-2020,345,145,0.200625,unknown
CV53838_2009-2010,364,164,0,unknown
CV67950_2015-2016,79,244,1,unknown
CV58758_2014-2015,333,133,1,unknown
CC15970_2003-2004,276,76,0,unknown
CV09228_2009-2010,330,130,0.19824999999999998,unknown
CV43096_2009-2010,290,90,1,unknown
CC46220_2019-2020,345,145,0.042625,unknown
CV56842_2010-2011,355,155,0.40287500000000004,unknown
CC46181_2019-2020,342,142,0.32225000000000004,unknown
CV43394_2007-2008,137,302,1,unknown
CV69839_2018-2019,56,221,0.832125,unknown
CC03596_2019-2020,344,144,0.518875,unknown
CV56641_2019-2020,339,139,1,unknown
CC46249_2019-2020,346,146,0.106875,unknown
CV43310_2007-2008,93,258,0.9016250000000001,unknown
CV46874_2008-2009,23,188,0.488125,unknown
CV46640_2008-2009,287,87,0,unknown
CV69807_2018-2019,54,219,0.815,unknown
CC46103_2019-2020,339,139,0.106875,unknown
CV09235_2009-2010,330,130,1,unknown
CV46938_2008-2009,72,237,1,unknown
CV56915_2010-2011,29,194,0.334375,unknown
CV27725_2005-2006,344,144,0.042625,unknown
CV68023_2016-2017,275,75,1,unknown
CV58738_2014-2015,284,84,1,unknown
CC15736_2018-2019,62,227,1,unknown
CV46922_2008-2009,72,237,0.8951250000000001,unknown
CC40205_2019-2020,345,145,1,unknown
CC40204_2019-2020,345,145,0.40287500000000004,unknown
CV58550_2012-2013,318,118,0.042625,unknown
CV56846_2010-2011,355,155,0,unknown
CV58572_2012-2013,357,157,0.374375,unknown
CV58360_2011-2012,21,186,0.2965,unknown
CV56490_2010-2011,256,56,1,unknown
CV58776_2014-2015,24,189,0.6415000000000001,unknown
CV46638_2008-2009,287,87,0,unknown
CV58613_2013-2014,267,67,1,unknown
CV46745_2008-2009,331,131,1,unknown
CC46193_2019-2020,343,143,0.24650000000000002,unknown
CV56671_2019-2020,342,142,1,unknown
CV58780_2014-2015,38,203,0.9225,unknown
CV56524_2010-2011,270,70,0,unknown
CV69690_2018-2019,342,142,1,unknown
CC46206_2019-2020,345,145,0.1655,unknown
CV68175_2016-2017,126,291,1,unknown
CV56648_2019-2020,339,139,0.063625,unknown
CV58880_2015-2016,339,139,1,unknown
CA49868_2021-2022,355,155,1,unknown
CC46186_2019-2020,342,142,0.17400000000000002,unknown
CV56905_2010-2011,29,194,0.549625,unknown
CC15754_2018-2019,109,274,1,unknown
CV58765_2014-2015,333,133,0,unknown
CV78845_2021-2022,355,155,0.656875,unknown
CV56813_2010-2011,343,143,1,unknown
CV56647_2019-2020,339,139,1,unknown
CV56100_2009-2010,107,272,1,unknown
CC46248_2019-2020,346,146,0.285375,unknown
CV42923_2007-2008,321,121,0.488125,unknown
CV68190_2016-2017,140,305,1,unknown
CV09462_2007-2008,288,88,0,unknown
CV08366_2007-2008,305,105,0,male
CV42927_2007-2008,321,121,1,male
CV42949_2007-2008,342,142,1,unknown
CV42957_2007-2008,9,174,0.15175,unknown
CV09462_2007-2008,32,197,0.951875,unknown
CV09512_2007-2008,46,211,0.459625,female
CV43193_2007-2008,46,211,0.9845,unknown
CV07234_2007-2008,47,212,0.9845,male
CV08391_2007-2008,67,232,0.6415000000000001,male
CV42957_2007-2008,67,232,0.6415000000000001,unknown
CV43251_2007-2008,67,232,0.6415000000000001,female
CV43282_2007-2008,87,252,1,female
CV43283_2007-2008,87,252,1,male
CV07234_2007-2008,93,258,1,male
CV43251_2007-2008,93,258,0.898375,female
CV43323_2007-2008,98,263,0.9225,male
CV43344_2007-2008,101,266,1,female
CV42949_2007-2008,103,268,1,unknown
CV08391_2007-2008,106,271,0.9845,male
CV43323_2007-2008,109,274,0.9845,male
CV09512_2007-2008,121,286,1,female
CV43282_2007-2008,121,286,1,female
CV43193_2007-2008,121,286,1,unknown
CV08366_2007-2008,137,302,1,male
CV08391_2007-2008,138,303,1,male
CV42927_2007-2008,138,303,1,male
CV43344_2007-2008,138,303,1,female
CV43283_2007-2008,193,358,0,male
CV46804_2008-2009,366,166,0.085875,female
CV46800_2008-2009,366,166,0.2965,male
CV46896_2008-2009,44,209,0.374375,male
CV46903_2008-2009,45,210,0.6102500000000001,female
CV46903_2008-2009,72,237,0.799375,female
CV46908_2008-2009,72,237,0.9845,male
CV46908_2008-2009,93,258,1,male
CV46896_2008-2009,99,264,0.9065000000000001,male
CV46804_2008-2009,107,272,0.8915000000000001,female
CV46800_2008-2009,107,272,1,male
CV09298_2009-2010,330,130,0.098,unknown
CV53811_2009-2010,363,163,0.41575,male
CV53811_2009-2010,42,207,0.7673749999999999,male
CV09298_2009-2010,49,214,0.9845,unknown
CV56112_2009-2010,84,249,1,unknown
CV56035_2009-2010,84,249,1,male
CV56058_2009-2010,84,249,1,unknown
CV56071_2009-2010,84,249,1,male
CV56075_2009-2010,84,249,1,male
CV56035_2009-2010,145,310,1,male
CV56058_2009-2010,145,310,1,unknown
CV56071_2009-2010,145,310,1,male
CV56075_2009-2010,145,310,1,male
CV56112_2009-2010,145,310,1,unknown
CV56175_2009-2010,145,310,1,male
CV56206_2009-2010,147,312,1,male
CV56210_2009-2010,147,312,1,male
CV56206_2009-2010,189,354,0,male
CV56210_2009-2010,189,354,1,male
CV56175_2009-2010,193,358,0,male
CV56567_2010-2011,306,106,0.106875,male
CV56866_2010-2011,358,158,0.17400000000000002,female
CV56887_2010-2011,15,180,0,female
CV56910_2010-2011,29,194,0.19824999999999998,male
CV56887_2010-2011,92,257,0.7095,female
CV56567_2010-2011,169,334,0,male
CV56866_2010-2011,176,341,0,female
CV56910_2010-2011,176,341,0,male
CV58825_2015-2016,220,20,0,female
CV58895_2015-2016,347,147,0.042625,unknown
CV58896_2015-2016,347,147,0,unknown
CV58896_2015-2016,9,174,0.24650000000000002,unknown
CV67907_2015-2016,37,202,0.209375,male
CV58895_2015-2016,72,237,0.9845,unknown
CV58825_2015-2016,79,244,1,female
CV67907_2015-2016,177,342,1,male
CV68088_2016-2017,8,173,0.431375,male
CV68101_2016-2017,35,200,0.431375,unknown
CV68109_2016-2017,35,200,0.9845,male
CV68101_2016-2017,70,235,0.7353750000000001,unknown
CV68088_2016-2017,140,305,1,male
CV68109_2016-2017,175,340,1,male
CV68240_2017-2018,203,3,1,female
CV68240_2017-2018,231,31,1,female
CV69776_2018-2019,13,178,0.2965,unknown
CV69764_2018-2019,13,178,0.8295,male
CV69774_2018-2019,13,178,0.8935000000000001,male
CV15033_2018-2019,54,219,1,male
CV69954_2018-2019,59,224,1,female
CV69776_2018-2019,61,226,0.688125,unknown
CV69764_2018-2019,109,274,1,male
CV69774_2018-2019,109,274,1,male
CV15033_2018-2019,171,336,1,male
CV69954_2018-2019,180,345,1,female
CC46126_2019-2020,339,139,1,unknown
CC46126_2019-2020,346,146,0,unknown
